{
  "manifest_version": 2,
  "name": "Context Dictionary",
  "version": "1.0.0",
  "description": "A context-aware dictionary extension using Gemini AI",
  "icons": {
    "16": "icons/icon16.png",
    "48": "icons/icon48.png",
    "128": "icons/icon128.png"
  },
  "browser_action": {
    "default_popup": "popup.html",
    "default_icon": {
      "16": "icons/icon16.png",
      "48": "icons/icon48.png",
      "128": "icons/icon128.png"
    }
  },
  "permissions": [
    "activeTab",
    "storage",
    "contextMenus",
    "<all_urls>"
  ],
  "content_scripts": [
    {
      "matches": ["<all_urls>"],
      "js": ["browser-polyfill.js", "content.js"],
      "css": ["css/overlay.css"]
    }
  ],
  "background": {
    "scripts": ["browser-polyfill.js", "background.js"]
  },
  "browser_specific_settings": {
    "gecko": {
      "id": "context-dictionary@reginald-kyalo.com",
      "strict_min_version": "57.0"
    }
  }
}